,date,open,high,low,close,amount ,volume,position,pred_close,real_close
0,2015/2/25,2513,2514,2475,2483,22174.66,890868,1463886,2511.3828125,2483.0
1,2015/2/26,2486,2509,2485,2505,21547.6,863160,1547910,2475.131591796875,2505.0
2,2015/2/27,2510,2510,2462,2464,34286.9,1378260,1612236,2491.588623046875,2464.0
3,2015/3/2,2462,2483,2426,2472,68041.34,2769934,1673788,2458.986328125,2472.0
4,2015/3/3,2466,2482,2452,2468,29596.43,1199714,1592766,2460.2802734375,2468.0
5,2015/3/4,2464,2470,2454,2464,17077.94,693690,1584954,2458.54541015625,2464.0
6,2015/3/5,2466,2467,2428,2447,29660.39,1213754,1519172,2454.98095703125,2447.0
7,2015/3/6,2445,2448,2416,2418,14239.63,585192,1495696,2437.7490234375,2418.0
8,2015/3/9,2478,2506,2462,2486,80848.25,3254646,1562434,2409.49560546875,2486.0
9,2015/3/10,2483,2493,2449,2453,59122.56,2391878,1599006,2469.228515625,2453.0
10,2015/3/11,2451,2478,2449,2471,54337.61,2204398,1579462,2449.08447265625,2471.0
11,2015/3/12,2474,2507,2464,2496,65813.05,2646136,1572834,2457.446044921875,2496.0
12,2015/3/13,2505,2516,2485,2493,62122.87,2484292,1594010,2483.078857421875,2493.0
13,2015/3/16,2491,2524,2480,2520,72280.65,2887758,1765824,2484.76123046875,2520.0
14,2015/3/17,2520,2524,2505,2512,51279.8,2039234,1737060,2506.74609375,2512.0
15,2015/3/18,2511,2522,2473,2483,108281.33,4334196,1725474,2503.123779296875,2483.0
16,2015/3/19,2480,2502,2474,2482,50763.08,2041408,1706378,2474.667236328125,2482.0
17,2015/3/20,2482,2498,2477,2481,44152.84,1774980,1725054,2470.26123046875,2481.0
18,2015/3/23,2483,2549,2471,2548,120584.88,4785718,1922120,2471.756103515625,2548.0
19,2015/3/24,2550,2574,2538,2542,107741.89,4221476,2103290,2533.740966796875,2542.0
20,2015/3/25,2538,2547,2505,2507,78562.99,3109514,2088390,2535.394775390625,2507.0
21,2015/3/26,2502,2514,2488,2491,73759.39,2949506,2092662,2498.55029296875,2491.0
22,2015/3/27,2495,2495,2407,2477,148390.74,6043130,2110134,2479.208251953125,2477.0
23,2015/3/30,2472,2498,2450,2451,105228.4,4261190,2159268,2468.39501953125,2451.0
24,2015/3/31,2471,2477,2414,2431,128315.35,5247554,2429446,2443.782958984375,2431.0
25,2015/4/1,2423,2428,2381,2390,141222.11,5869210,2739722,2422.012451171875,2390.0
26,2015/4/2,2377,2399,2339,2342,187176.46,7905188,3041786,2383.029296875,2342.0
27,2015/4/3,2343,2374,2336,2341,143524.67,6098706,3145268,2334.856201171875,2341.0
28,2015/4/7,2330,2343,2309,2311,101673.62,4374424,3624170,2329.20849609375,2311.0
29,2015/4/8,2306,2335,2284,2324,165368.45,7162492,3625926,2304.3662109375,2324.0
30,2015/4/9,2323,2326,2287,2290,111066.4,4823818,3685426,2311.421630859375,2290.0
31,2015/4/10,2291,2298,2266,2266,108333.25,4749620,3800820,2282.659423828125,2266.0
32,2015/4/13,2263,2334,2262,2329,192098.54,8377910,3799408,2255.80908203125,2329.0
33,2015/4/14,2335,2341,2302,2324,169145.78,7287328,3703712,2310.407470703125,2324.0
34,2015/4/15,2327,2331,2294,2297,104967.76,4532636,3771342,2316.735595703125,2297.0
35,2015/4/16,2296,2329,2291,2318,116639.76,5042842,3630552,2287.36572265625,2318.0
36,2015/4/17,2317,2335,2309,2311,107841.92,4649630,3584152,2301.467529296875,2311.0
37,2015/4/20,2305,2314,2278,2279,143937.45,6266020,3845800,2301.446044921875,2279.0
38,2015/4/21,2277,2291,2270,2281,96978.66,4252402,3929950,2270.511474609375,2281.0
39,2015/4/22,2282,2334,2282,2327,161037.3,6974766,3866734,2267.15771484375,2327.0
40,2015/4/23,2328,2332,2306,2323,127903.72,5507632,3594430,2311.666015625,2323.0
41,2015/4/24,2325,2388,2324,2378,220527.14,9322642,3359744,2314.460205078125,2378.0
42,2015/4/27,2384,2413,2366,2408,208845.38,8738302,3280756,2360.45166015625,2408.0
43,2015/4/28,2417,2430,2384,2398,141517.99,5879950,3175130,2395.0439453125,2398.0
44,2015/4/29,2398,2412,2331,2340,172945.3,7285772,3156726,2388.180419921875,2340.0
45,2015/4/30,2346,2377,2341,2365,127793.28,5412820,3017818,2331.67578125,2365.0
46,2015/5/4,2383,2421,2371,2413,116043.85,4834698,3016110,2348.437255859375,2413.0
47,2015/5/5,2414,2442,2399,2428,182480.7,7536936,2980574,2400.00732421875,2428.0
48,2015/5/6,2430,2447,2418,2430,151304.16,6223092,2851946,2418.94970703125,2430.0
49,2015/5/7,2433,2437,2401,2407,116765.76,4835314,2842652,2418.031494140625,2407.0
50,2015/5/8,2410,2420,2386,2412,129882.03,5401672,2752800,2396.64111328125,2412.0
51,2015/5/11,2417,2434,2407,2421,103991.16,4298216,2782154,2399.375244140625,2421.0
52,2015/5/12,2420,2427,2389,2391,91651.82,3813042,2816192,2410.0009765625,2391.0
53,2015/5/13,2395,2407,2376,2383,88979.1,3721250,2808210,2383.742919921875,2383.0
54,2015/5/14,2384,2390,2342,2363,124024.86,5247184,2881492,2371.2451171875,2363.0
55,2015/5/15,2360,2373,2351,2372,66180.9,2802208,2881486,2353.67236328125,2372.0
56,2015/5/18,2372,2374,2348,2349,59878.42,2535766,2959456,2360.251953125,2349.0
57,2015/5/19,2342,2355,2338,2342,61208.36,2609006,2918988,2340.8115234375,2342.0
58,2015/5/20,2337,2342,2302,2314,83682.57,3605960,2825762,2330.81494140625,2314.0
59,2015/5/21,2314,2353,2313,2344,77474.72,3321110,2808738,2305.02001953125,2344.0
60,2015/5/22,2346,2359,2326,2351,86641.1,3699272,2742096,2329.3603515625,2351.0
61,2015/5/25,2348,2350,2327,2347,71295.74,3046606,2779526,2340.80224609375,2347.0
62,2015/5/26,2348,2378,2346,2351,113745.89,4809814,2723568,2336.54296875,2351.0
63,2015/5/27,2350,2364,2342,2355,60113.05,2552564,2719244,2338.08203125,2355.0
64,2015/5/28,2355,2373,2342,2355,73164.04,3100416,2634738,2343.296875,2355.0
65,2015/5/29,2355,2365,2335,2359,75145.52,3197716,2516918,2343.86669921875,2359.0
66,2015/6/1,2356,2386,2347,2372,97670.63,4129768,2506374,2347.122802734375,2372.0
67,2015/6/2,2375,2379,2363,2375,61479.83,2592372,2453376,2359.58935546875,2375.0
68,2015/6/3,2378,2379,2348,2349,56813.84,2404222,2451870,2363.964111328125,2349.0
69,2015/6/4,2347,2359,2336,2356,72236.18,3077860,2355650,2339.9140625,2356.0
70,2015/6/5,2356,2365,2325,2341,59130.58,2524844,2379106,2342.578125,2341.0
71,2015/6/8,2338,2341,2327,2334,44311.81,1898566,2375180,2331.682861328125,2334.0
72,2015/6/9,2330,2356,2328,2337,48451.19,2066772,2337004,2323.267822265625,2337.0
73,2015/6/10,2338,2348,2327,2336,63424.75,2709874,2434288,2325.027099609375,2336.0
74,2015/6/11,2344,2359,2340,2355,73248.12,3117692,2430106,2325.297607421875,2355.0
75,2015/6/12,2348,2351,2296,2299,92467.06,3983034,2759080,2341.92138671875,2299.0
76,2015/6/15,2298,2314,2276,2281,76273.71,3325350,2866710,2293.5,2281.0
77,2015/6/16,2273,2288,2238,2243,88862.17,3921078,3088346,2268.483154296875,2243.0
78,2015/6/17,2240,2249,2218,2223,101215.58,4536168,3103402,2234.497802734375,2223.0
79,2015/6/18,2226,2252,2222,2245,75628.88,3378246,3063476,2213.27001953125,2245.0
80,2015/6/19,2245,2267,2244,2246,67781.77,3010142,2929690,2230.88671875,2246.0
81,2015/6/23,2240,2242,2226,2239,46974.26,2102086,2977038,2236.03515625,2239.0
82,2015/6/24,2239,2247,2230,2241,55939.59,2497894,3053352,2227.799560546875,2241.0
83,2015/6/25,2242,2246,2215,2218,63949.93,2870778,3091870,2227.676513671875,2218.0
84,2015/6/26,2217,2237,2203,2213,88750.7,3994394,3024568,2208.285400390625,2213.0
85,2015/6/29,2215,2226,2178,2181,80722.55,3658666,2995694,2200.436767578125,2181.0
86,2015/6/30,2180,2180,2095,2135,166439.52,7807732,2495642,2172.0439453125,2135.0
87,2015/7/1,2135,2140,2117,2124,77957.05,3659918,2552394,2126.80908203125,2124.0
88,2015/7/2,2120,2139,2089,2124,95271.86,4505638,2295538,2111.158447265625,2124.0
89,2015/7/3,2116,2155,2114,2121,75806.16,3551970,2287966,2112.29638671875,2121.0
90,2015/7/6,2116,2119,2027,2027,70050.51,3390786,2467546,2109.95703125,2027.0
91,2015/7/7,2003,2028,1948,1957,139541.3,7005452,2189122,2025.13330078125,1957.0
92,2015/7/8,1965,2005,1891,1891,179161.62,9237660,1711600,1948.404296875,1890.9999999999998
93,2015/7/9,1905,2035,1893,2004,139323.49,7051156,1542726,1884.1790771484375,2004.0
94,2015/7/10,2020,2068,2007,2007,93303.35,4587426,1607812,1977.445068359375,2007.0
95,2015/7/13,2002,2032,1992,2008,53587.8,2661184,1573422,2000.8858642578125,2008.0
96,2015/7/14,2018,2033,1999,2007,36467.77,1806312,1537048,1995.3360595703125,2007.0
97,2015/7/15,2006,2016,1983,1990,35266.8,1765154,1564474,1990.9024658203125,1990.0000000000002
98,2015/7/16,1990,2021,1956,2005,49907.22,2515104,1456178,1978.7103271484375,2005.0
99,2015/7/17,2008,2015,1988,2006,28485.15,1423034,1428950,1989.228759765625,2006.0
100,2015/7/20,2047,2123,2038,2112,112419.58,5372274,1714656,1993.5311279296875,2112.0
101,2015/7/21,2104,2125,2079,2081,89920.86,4278448,1822648,2087.052001953125,2081.0
102,2015/7/22,2074,2085,2010,2031,99453.69,4843262,1917802,2075.5322265625,2031.0
103,2015/7/23,2031,2062,2017,2050,88020.01,4318224,1917096,2021.2113037109375,2050.0
104,2015/7/24,2050,2064,2034,2044,84673.27,4132504,1927220,2030.0418701171875,2044.0
105,2015/7/27,2048,2099,2046,2074,122612.67,5905974,2009400,2033.8841552734375,2074.0
106,2015/7/28,2072,2102,2052,2072,115545.45,5570278,2061730,2058.34521484375,2072.0
107,2015/7/29,2076,2118,2075,2110,121463.81,5789134,2203846,2059.995849609375,2110.0
108,2015/7/30,2108,2116,2081,2085,101618.69,4844012,2200790,2092.401123046875,2085.0
109,2015/7/31,2082,2107,2077,2095,88227.45,4215404,2191682,2075.6689453125,2095.0
110,2015/8/3,2095,2132,2073,2078,132444.81,6307800,2241676,2079.41259765625,2078.0
111,2015/8/4,2083,2102,2068,2097,80050.94,3837588,2182916,2066.658935546875,2097.0
112,2015/8/5,2096,2107,2082,2098,83617.93,3994900,2219302,2081.722412109375,2098.0
113,2015/8/6,2099,2102,2066,2076,80851.62,3884330,2376042,2085.67578125,2076.0
114,2015/8/7,2071,2079,2043,2063,92181.5,4472546,2493758,2065.809814453125,2063.0
115,2015/8/10,2057,2067,2038,2045,72228.8,3523152,2450504,2050.018310546875,2045.0
116,2015/8/11,2044,2074,2043,2053,100985.77,4898544,2435484,2033.7327880859375,2053.0
117,2015/8/12,2049,2073,2043,2071,78960.7,3829656,2345210,2038.9886474609375,2071.0
118,2015/8/13,2080,2103,2076,2092,111606.58,5340620,2316254,2056.773681640625,2092.0
119,2015/8/14,2089,2093,2081,2085,50316.51,2412166,2321784,2077.732666015625,2085.0
120,2015/8/17,2089,2095,2058,2059,68998.45,3325562,2436318,2073.234375,2059.0
121,2015/8/18,2055,2068,2047,2049,53333.21,2590430,2408340,2047.9310302734375,2049.0
122,2015/8/19,2049,2053,2024,2044,82732.14,4059872,2284572,2035.5111083984375,2044.0
123,2015/8/20,2042,2048,2020,2028,66951.04,3291744,2382612,2031.5843505859375,2028.0
124,2015/8/21,2034,2040,2023,2024,55636.82,2737948,2410662,2017.3900146484375,2024.0
125,2015/8/24,2021,2026,1930,1934,124075.76,6300192,2495786,2010.9788818359375,1934.0
126,2015/8/25,1936,1965,1917,1933,132674.86,6832422,2219346,1932.0465087890625,1933.0
127,2015/8/26,1961,1975,1936,1937,86310.51,4417540,2248510,1916.43994140625,1937.0
128,2015/8/27,1935,1985,1931,1969,82479.35,4210674,2189386,1924.2349853515625,1969.0
129,2015/8/28,1970,2004,1965,1976,130712.48,6597234,2393856,1954.39501953125,1976.0
130,2015/8/31,1972,1977,1945,1952,113897.05,5809012,2446838,1963.2301025390625,1952.0
131,2015/9/1,1955,1970,1946,1963,87596.26,4473344,2414568,1941.5753173828125,1962.9999999999998
132,2015/9/2,1960,1967,1949,1955,50138.85,2561494,2272834,1946.4005126953125,1955.0
133,2015/9/7,1954,1955,1839,1920,78821.7,4094518,2508030,1943.26171875,1920.0000000000002
134,2015/9/8,1920,1949,1916,1949,70409.47,3649914,2441818,1911.323486328125,1949.0
135,2015/9/9,1952,1979,1946,1948,154800.68,7883726,2424526,1930.3521728515625,1948.0
136,2015/9/10,1950,1967,1939,1956,93350.11,4779406,2446874,1936.6727294921875,1956.0
137,2015/9/11,1957,1969,1946,1946,98647.01,5041194,2479580,1942.3233642578125,1946.0
138,2015/9/14,1944,1948,1926,1929,78679.25,4065166,2553366,1933.5535888671875,1929.0
139,2015/9/15,1925,1934,1907,1909,62573.97,3253090,2649676,1917.373779296875,1909.0
140,2015/9/16,1910,1941,1910,1934,76378.83,3964030,2524750,1897.4114990234375,1934.0
141,2015/9/17,1933,1950,1925,1926,85455.16,4414424,2593742,1917.1231689453125,1926.0
142,2015/9/18,1928,1935,1918,1922,62138.9,3226308,2610072,1915.4593505859375,1922.0
143,2015/9/21,1920,1925,1894,1904,72783.26,3814342,2763274,1909.1619873046875,1904.0
144,2015/9/22,1908,1913,1884,1891,60159.45,3174160,2883358,1892.25927734375,1890.9999999999998
145,2015/9/23,1887,1905,1877,1902,67727.14,3580716,2712170,1878.8612060546875,1902.0
146,2015/9/24,1905,1906,1888,1893,33121.77,1747832,2710262,1887.0147705078125,1892.9999999999998
147,2015/9/25,1892,1910,1885,1891,53035.07,2794220,2649152,1881.957763671875,1890.9999999999998
148,2015/9/28,1885,1885,1855,1859,42500.12,2271328,2808478,1877.830810546875,1859.0
149,2015/9/29,1852,1858,1828,1833,60709.39,3299438,2583858,1849.634521484375,1833.0
150,2015/9/30,1837,1838,1815,1821,45561.49,2494804,2628152,1822.0758056640625,1820.9999999999998
151,2015/10/8,1837,1851,1818,1826,46807.71,2553402,2595548,1808.5838623046875,1826.0
152,2015/10/9,1826,1864,1821,1852,64196.68,3479500,2483282,1812.665771484375,1852.0
153,2015/10/12,1857,1868,1836,1847,73830.23,3981900,2466748,1836.341796875,1847.0000000000002
154,2015/10/13,1848,1852,1820,1838,56595.6,3089416,2546572,1835.8609619140625,1838.0
155,2015/10/14,1836,1843,1826,1830,46252.51,2522922,2599590,1825.4300537109375,1830.0
156,2015/10/15,1831,1844,1826,1834,38720.18,2109524,2581472,1816.843994140625,1834.0
157,2015/10/16,1834,1836,1820,1830,45410.72,2483140,2574222,1820.1209716796875,1830.0
158,2015/10/19,1829,1841,1800,1807,59070.98,3243418,2804968,1817.8192138671875,1807.0
159,2015/10/20,1806,1815,1795,1801,40811.38,2261400,2754348,1796.9468994140625,1801.0
160,2015/10/21,1800,1811,1788,1804,72877.66,4048260,2614494,1787.5926513671875,1804.0
161,2015/10/22,1804,1818,1801,1805,42921.34,2373494,2446990,1790.4814453125,1805.0
162,2015/10/23,1805,1809,1781,1801,40377.14,2247608,2260140,1792.5147705078125,1801.0
163,2015/10/26,1803,1808,1793,1801,37202.41,2065598,2142800,1788.6051025390625,1801.0
164,2015/10/27,1800,1818,1798,1804,37368.96,2068660,2087966,1787.6263427734375,1804.0
165,2015/10/28,1802,1804,1784,1792,31969.35,1783290,1995340,1790.4810791015625,1792.0
166,2015/10/29,1790,1801,1783,1795,22438.8,1251140,1948786,1780.77392578125,1794.9999999999998
167,2015/10/30,1796,1797,1779,1782,22894.57,1280842,2004004,1780.9427490234375,1782.0
168,2015/11/2,1782,1796,1779,1787,17851.21,998326,1838240,1770.853759765625,1787.0
169,2015/11/3,1785,1789,1773,1779,18367.91,1032118,1773746,1772.9569091796875,1779.0
170,2015/11/4,1777,1785,1773,1780,23491.64,1321266,2032100,1767.284912109375,1780.0
171,2015/11/5,1781,1788,1768,1776,27138.65,1524966,2041548,1766.75927734375,1776.0000000000002
172,2015/11/6,1777,1808,1775,1794,45912.85,2568118,2158254,1763.4881591796875,1794.0
173,2015/11/9,1791,1808,1788,1805,35237.51,1957650,2228016,1778.49267578125,1805.0
174,2015/11/10,1806,1811,1790,1797,32535.53,1808924,2223182,1791.2091064453125,1796.9999999999998
175,2015/11/11,1795,1796,1775,1777,31314.44,1753724,2289778,1785.450927734375,1777.0000000000002
176,2015/11/12,1780,1780,1760,1765,41081.17,2324048,2514674,1765.7928466796875,1765.0
177,2015/11/13,1764,1768,1758,1759,34297.82,1946790,2612404,1752.52099609375,1759.0
178,2015/11/16,1759,1768,1752,1753,34541.53,1964378,2662192,1746.6480712890625,1753.0000000000002
179,2015/11/17,1753,1758,1748,1752,27813.53,1586652,2639974,1741.1968994140625,1752.0000000000002
180,2015/11/18,1752,1753,1731,1736,36554.34,2100464,2737376,1739.272216796875,1736.0
181,2015/11/19,1736,1737,1692,1705,77681.37,4542824,2799492,1725.4912109375,1705.0000000000002
182,2015/11/20,1704,1712,1693,1695,46549.43,2733446,2863134,1696.052734375,1695.0
183,2015/11/23,1695,1695,1649,1659,73752.98,4414044,2820906,1682.438232421875,1659.0
184,2015/11/24,1660,1673,1652,1667,56811.57,3414958,2824648,1651.777587890625,1667.0
185,2015/11/25,1666,1729,1659,1676,103488.52,6173106,2935306,1652.5196533203125,1675.9999999999998
186,2015/11/26,1673,1722,1666,1680,138862.93,8211592,2905020,1662.9658203125,1680.0000000000002
187,2015/11/27,1680,1685,1654,1656,70300.15,4213766,2996760,1668.1484375,1656.0000000000002
188,2015/11/30,1652,1660,1621,1626,76968.38,4700388,3042022,1646.990234375,1626.0
189,2015/12/1,1628,1642,1618,1633,69851.27,4285306,3191678,1616.8023681640625,1633.0000000000002
190,2015/12/2,1630,1673,1626,1659,123863.59,7473778,3257230,1618.3326416015625,1659.0
191,2015/12/3,1657,1667,1632,1635,70739.38,4289644,3187890,1643.8804931640625,1635.0
192,2015/12/4,1635,1657,1630,1650,92904.82,5652644,3127226,1628.13671875,1650.0
193,2015/12/7,1652,1676,1643,1670,83844.74,5045348,3217504,1634.0987548828125,1670.0
194,2015/12/8,1668,1669,1645,1654,66936.01,4044250,2987910,1654.8138427734375,1653.9999999999998
195,2015/12/9,1651,1667,1649,1656,57571.0,3471394,3074322,1645.37060546875,1656.0000000000002
196,2015/12/10,1656,1663,1643,1648,49647.7,3004688,3045570,1642.1297607421875,1648.0
197,2015/12/11,1646,1662,1640,1658,47161.91,2855298,3115174,1636.476318359375,1658.0000000000002
198,2015/12/14,1659,1670,1648,1665,59316.32,3573916,3165478,1644.164306640625,1665.0
199,2015/12/15,1661,1686,1656,1657,88813.19,5315278,3195774,1651.99072265625,1657.0000000000002
200,2015/12/16,1656,1674,1655,1673,35652.5,2142674,3138562,1646.2249755859375,1673.0
201,2015/12/17,1673,1694,1673,1677,100011.33,5940106,3276818,1657.5618896484375,1676.9999999999998
202,2015/12/18,1676,1714,1676,1712,77465.09,4566394,3389766,1664.5018310546875,1712.0
203,2015/12/21,1719,1757,1712,1749,168513.64,9698548,3617346,1694.64404296875,1748.9999999999998
204,2015/12/22,1749,1764,1719,1731,141723.93,8147652,3740398,1732.1402587890625,1731.0
205,2015/12/23,1728,1731,1707,1717,96760.9,5630160,3638312,1722.069580078125,1717.0
206,2015/12/24,1717,1741,1715,1724,107020.45,6194022,3539624,1704.30615234375,1723.9999999999998
207,2015/12/25,1722,1738,1720,1737,49906.82,2885082,3556726,1708.7559814453125,1737.0
208,2015/12/28,1737,1746,1720,1741,78255.18,4514858,3500808,1723.18359375,1741.0
209,2015/12/29,1740,1790,1739,1780,142277.9,8060928,3434598,1728.46826171875,1780.0
210,2015/12/30,1779,1806,1771,1780,142821.93,7988626,3326148,1761.552490234375,1780.0
211,2015/12/31,1782,1804,1776,1784,104956.46,5863506,3268574,1768.3685302734375,1784.0
212,2016/1/4,1821,1846,1773,1777,120440.96,6700936,3062134,1770.0469970703125,1777.0000000000002
213,2016/1/5,1779,1789,1761,1789,114049.76,6413148,3171882,1764.11767578125,1789.0
214,2016/1/6,1787,1790,1769,1775,81806.71,4603662,3101762,1773.9580078125,1775.0000000000002
215,2016/1/7,1770,1786,1766,1773,82643.84,4652628,3073988,1764.3658447265625,1772.9999999999998
216,2016/1/8,1769,1775,1747,1759,117297.46,6658038,2885064,1759.722412109375,1759.0
217,2016/1/11,1757,1772,1748,1758,89543.13,5081394,2834258,1747.6495361328125,1758.0
218,2016/1/12,1759,1765,1739,1741,93329.04,5333022,2925678,1744.911376953125,1741.0
219,2016/1/13,1741,1752,1735,1740,62610.61,3591540,2791556,1730.549072265625,1740.0
220,2016/1/14,1742,1759,1732,1758,71738.64,4110300,2851872,1726.841796875,1758.0
221,2016/1/15,1758,1787,1754,1778,117990.77,6649864,3152676,1742.6505126953125,1778.0
222,2016/1/18,1777,1832,1770,1827,165531.62,9156242,3353516,1763.4918212890625,1827.0
223,2016/1/19,1825,1841,1817,1839,127339.11,6967734,3331732,1808.0509033203125,1839.0
224,2016/1/20,1838,1842,1813,1818,113939.8,6237726,3187010,1825.77734375,1818.0
225,2016/1/21,1815,1824,1805,1808,99630.31,5493208,3248392,1807.310302734375,1808.0
226,2016/1/22,1810,1856,1807,1823,140657.86,7687002,3539188,1793.93310546875,1823.0000000000002
227,2016/1/25,1828,1856,1823,1840,140845.4,7650122,3646874,1807.23291015625,1840.0
228,2016/1/26,1840,1848,1832,1845,79545.73,4321346,3622822,1825.8331298828125,1844.9999999999998
229,2016/1/27,1850,1871,1840,1863,130401.63,7017400,3667088,1832.0179443359375,1863.0
230,2016/1/28,1861,1862,1810,1815,132405.88,7189268,3326818,1847.0850830078125,1815.0
231,2016/1/29,1813,1827,1805,1814,107818.14,5938474,3157788,1808.5537109375,1814.0
232,2016/2/1,1816,1845,1815,1819,104321.76,5697330,2911900,1798.576904296875,1818.9999999999998
233,2016/2/2,1820,1824,1801,1815,74126.9,4090540,2493290,1805.03515625,1815.0
234,2016/2/3,1820,1830,1807,1826,56401.65,3099622,2307344,1803.861328125,1826.0
235,2016/2/4,1826,1855,1825,1851,64779.22,3515826,2254350,1811.166748046875,1851.0
236,2016/2/5,1853,1862,1826,1843,51393.25,2790060,2088616,1834.8638916015625,1842.9999999999998
237,2016/2/15,1835,1880,1833,1872,49877.12,2680436,2221548,1831.966796875,1872.0000000000002
238,2016/2/16,1872,1880,1861,1865,50666.6,2707824,2279270,1854.099609375,1865.0
239,2016/2/17,1866,1876,1855,1861,59613.73,3197078,2216192,1853.3604736328125,1861.0
240,2016/2/18,1864,1871,1855,1870,52750.86,2833084,2258336,1847.936279296875,1870.0000000000002
241,2016/2/19,1872,1899,1864,1897,80127.39,4259322,2307378,1854.697998046875,1897.0
242,2016/2/22,1897,1968,1892,1962,127058.53,6568536,2474776,1880.8487548828125,1961.9999999999998
243,2016/2/23,1957,1965,1921,1926,99351.13,5118530,2267538,1941.7369384765625,1926.0
244,2016/2/24,1922,1937,1916,1929,67523.37,3504668,2243998,1919.5616455078125,1929.0
245,2016/2/25,1929,1961,1924,1928,83998.88,4325944,2347758,1912.4296875,1928.0
246,2016/2/26,1932,1939,1898,1922,79444.47,4146132,2272552,1913.6085205078125,1922.0
247,2016/2/29,1922,1973,1912,1969,117863.54,6078558,2446476,1910.3642578125,1969.0
248,2016/3/1,1975,2010,1961,1994,120219.62,6064250,2456280,1949.538330078125,1994.0
249,2016/3/2,1997,2009,1984,1993,111475.42,5582604,2215504,1979.7921142578125,1993.0
250,2016/3/3,1990,1999,1967,1974,85797.54,4325658,2049588,1980.600341796875,1974.0
251,2016/3/4,1972,1997,1952,1987,93860.2,4750600,1843186,1961.518310546875,1986.9999999999998
252,2016/3/7,1990,2073,1983,2073,66639.24,3279116,1725824,1970.6885986328125,2073.0
253,2016/3/8,2194,2194,2077,2194,132965.63,6192598,1593412,2050.5498046875,2194.0
254,2016/3/9,2149,2163,2035,2104,182013.6,8678072,1289634,2171.827392578125,2104.0
255,2016/3/10,2112,2201,2107,2130,243265.04,11325298,1511022,2104.7255859375,2130.0
256,2016/3/11,2111,2133,2068,2085,98334.48,4663174,1290812,2106.534423828125,2085.0
257,2016/3/14,2000,2076,1985,1986,151166.34,7468574,1876880,2076.161865234375,1985.9999999999998
258,2016/3/15,1980,2006,1967,1972,123090.46,6206632,1982310,1985.005615234375,1972.0
259,2016/3/16,1969,2011,1968,2008,100968.64,5064118,2125684,1956.079345703125,2008.0
260,2016/3/17,2010,2086,2006,2078,171387.02,8370102,2207256,1992.27197265625,2078.0
261,2016/3/18,2082,2149,2073,2118,255801.6,12070078,2411642,2061.172607421875,2118.0
262,2016/3/21,2117,2210,2087,2147,332989.84,15519554,2715948,2103.3203125,2147.0
263,2016/3/22,2153,2180,2144,2158,221213.86,10235742,2637684,2130.66015625,2158.0
264,2016/3/23,2155,2240,2138,2193,336210.96,15313536,2589898,2142.75244140625,2193.0
265,2016/3/24,2198,2205,2106,2120,377805.96,17616140,2456366,2175.54345703125,2120.0
266,2016/3/25,2117,2185,2114,2184,295035.84,13761106,2597908,2115.816650390625,2184.0
267,2016/3/28,2190,2219,2127,2132,333707.16,15282150,2704478,2160.584228515625,2132.0
268,2016/3/29,2140,2172,2123,2159,272940.66,12704180,2832060,2127.684814453125,2159.0
269,2016/3/30,2163,2165,2091,2113,326850.3,15421990,2982268,2142.36669921875,2113.0
270,2016/3/31,2109,2140,2105,2136,231015.62,10882762,2807376,2105.387451171875,2136.0
271,2016/4/1,2140,2196,2136,2193,245624.78,11332698,2849612,2119.841552734375,2193.0
272,2016/4/5,2207,2209,2152,2194,169736.42,7784670,3140770,2175.0810546875,2194.0
273,2016/4/6,2194,2207,2162,2182,207699.06,9508160,3437272,2184.6435546875,2182.0
274,2016/4/7,2180,2212,2171,2191,179143.74,8191230,3571450,2169.31298828125,2191.0
275,2016/4/8,2188,2199,2178,2196,164608.81,7519084,3548056,2175.4111328125,2196.0
276,2016/4/11,2201,2315,2199,2293,315465.66,13939432,4180004,2183.504638671875,2293.0
277,2016/4/12,2302,2344,2287,2344,298024.32,12889096,4273062,2271.450439453125,2344.0
278,2016/4/13,2351,2435,2332,2353,452891.24,19138022,4129856,2330.818115234375,2353.0
279,2016/4/14,2355,2377,2315,2324,269150.58,11451662,4028986,2340.827392578125,2324.0
280,2016/4/15,2320,2340,2296,2300,251823.32,10863312,3711280,2311.94921875,2300.0
281,2016/4/18,2287,2417,2287,2391,278315.8,11825572,3715410,2287.906494140625,2391.0
282,2016/4/19,2397,2494,2396,2494,350498.36,14327034,3533946,2370.521240234375,2494.0
283,2016/4/20,2501,2592,2501,2592,401782.8,15687854,3329118,2479.35888671875,2592.0
284,2016/4/21,2612,2787,2610,2750,605629.84,22361440,2797426,2577.273681640625,2750.0
285,2016/4/22,2735,2740,2591,2619,581747.84,21928680,2671432,2729.46240234375,2619.0
286,2016/4/25,2608,2781,2585,2643,527467.32,19860714,2778040,2620.265869140625,2643.0
287,2016/4/26,2607,2650,2518,2554,359109.44,13828216,2927298,2621.79833984375,2554.0
288,2016/4/27,2550,2587,2451,2500,355760.16,14117966,2892336,2550.790283203125,2500.0
289,2016/4/28,2503,2548,2456,2539,315672.4,12590112,2901482,2495.1083984375,2539.0
290,2016/4/29,2548,2590,2533,2580,284100.7,11065856,2705042,2525.48046875,2580.0
291,2016/5/3,2545,2546,2432,2451,150352.06,6087006,2702042,2572.923583984375,2451.0
292,2016/5/4,2439,2448,2365,2381,196401.04,8158556,2902036,2454.16748046875,2381.0
293,2016/5/5,2373,2404,2299,2309,208356.56,8843630,3010258,2369.77685546875,2309.0
294,2016/5/6,2320,2339,2281,2336,227997.2,9851786,3079210,2302.990966796875,2336.0
295,2016/5/9,2343,2352,2175,2175,196434.18,8700040,3311408,2324.3662109375,2175.0
296,2016/5/10,2105,2165,2085,2147,217160.48,10220650,2981232,2183.8291015625,2147.0
297,2016/5/11,2155,2175,2118,2146,207899.22,9657606,3045482,2132.60791015625,2146.0
298,2016/5/12,2154,2159,2072,2074,180343.34,8472638,3340930,2133.9658203125,2074.0
299,2016/5/13,2064,2078,2000,2030,209801.72,10298962,3500184,2074.2353515625,2030.0
300,2016/5/16,2022,2086,2013,2052,170803.18,8318498,3430758,2019.880126953125,2052.0
301,2016/5/17,2058,2118,2042,2114,173716.28,8366662,3195814,2035.428466796875,2114.0
302,2016/5/18,2109,2134,2036,2055,222891.26,10649982,2961602,2097.5126953125,2055.0
303,2016/5/19,2050,2073,2024,2043,177699.4,8679626,3041332,2052.3232421875,2043.0
304,2016/5/20,2030,2079,2016,2062,155125.15,7550934,3092190,2027.4796142578125,2062.0
305,2016/5/23,2065,2069,1930,1947,155192.08,7824686,2946832,2045.2412109375,1947.0
306,2016/5/24,1945,1965,1917,1958,131149.42,6755808,2962564,1950.408203125,1958.0
307,2016/5/25,1963,1973,1912,1916,134083.03,6905020,3045028,1938.5484619140625,1915.9999999999998
308,2016/5/26,1920,1958,1907,1953,143894.79,7416702,3043898,1909.1943359375,1953.0
309,2016/5/27,1965,2048,1926,2033,222912.76,11215608,2923206,1936.3045654296875,2033.0
310,2016/5/30,2033,2054,1894,1990,203565.88,10207570,2854180,2011.893798828125,1990.0000000000002
311,2016/5/31,1985,2028,1973,1978,142468.58,7125598,2941886,1986.1114501953125,1978.0
312,2016/6/1,1975,1985,1939,1955,106389.25,5423698,2968202,1962.5450439453125,1955.0
313,2016/6/2,1940,1980,1938,1954,94719.96,4834340,3035662,1942.40185546875,1954.0
314,2016/6/3,1952,2003,1950,1988,100307.74,5065658,2937758,1941.162353515625,1987.9999999999998
315,2016/6/6,2009,2082,1982,2059,149538.6,7362346,2941864,1971.109130859375,2059.0
316,2016/6/7,2065,2103,2055,2077,131600.86,6342670,2758772,2039.506591796875,2077.0
317,2016/6/8,2076,2115,2038,2099,155464.17,7473444,2478334,2064.417236328125,2099.0
318,2016/6/13,2092,2189,2090,2170,134089.34,6223922,2596912,2082.404052734375,2170.0
319,2016/6/14,2170,2184,2071,2072,178912.92,8418904,2447134,2148.06396484375,2072.0
320,2016/6/15,2062,2101,2053,2067,114283.37,5505990,2452108,2072.388427734375,2067.0
321,2016/6/16,2082,2118,2068,2074,124238.95,5954174,2476248,2048.955810546875,2074.0
322,2016/6/17,2069,2080,2028,2074,120813.12,5880856,2375822,2059.2900390625,2074.0
323,2016/6/20,2072,2099,2056,2062,100598.64,4848484,2389908,2064.09228515625,2062.0
324,2016/6/21,2053,2115,2048,2082,116646.44,5592902,2480160,2050.396484375,2082.0
325,2016/6/22,2080,2143,2075,2143,148094.3,6999164,2631158,2065.97216796875,2143.0
326,2016/6/23,2148,2161,2131,2141,117530.24,5478706,2686078,2124.297607421875,2141.0
327,2016/6/24,2153,2168,2100,2126,124959.5,5838818,2639884,2130.994140625,2126.0
328,2016/6/27,2125,2268,2124,2268,167983.2,7599160,2806212,2113.3984375,2268.0
329,2016/6/28,2268,2288,2234,2265,133387.04,5887680,2691696,2238.465576171875,2265.0
330,2016/6/29,2264,2280,2226,2241,131933.38,5861356,2608036,2259.0927734375,2241.0
331,2016/6/30,2237,2345,2233,2337,176838.98,7704152,2505608,2229.4189453125,2337.0
332,2016/7/1,2341,2374,2309,2349,166092.23,7083518,2313042,2310.80712890625,2349.0
333,2016/7/4,2349,2468,2349,2424,219826.12,9112380,2073208,2340.576416015625,2424.0
334,2016/7/5,2430,2454,2311,2402,174427.88,7311714,1971480,2405.5283203125,2402.0
335,2016/7/6,2393,2429,2326,2378,190756.9,8042726,1982898,2392.876708984375,2378.0
336,2016/7/7,2370,2456,2349,2387,201162.32,8375194,2077216,2366.595947265625,2387.0
337,2016/7/8,2387,2447,2365,2445,201238.66,8376194,2413392,2372.392578125,2445.0
338,2016/7/11,2464,2484,2361,2430,180917.56,7469210,2276468,2430.6015625,2430.0
339,2016/7/12,2435,2563,2416,2558,193715.38,7774606,2561784,2423.382568359375,2558.0
340,2016/7/13,2540,2589,2512,2516,175472.48,6880472,2494614,2535.606689453125,2516.0
341,2016/7/14,2523,2542,2478,2524,140208.54,5581728,2493862,2512.8564453125,2524.0
342,2016/7/15,2515,2556,2479,2527,152542.64,6070020,2463646,2509.91796875,2527.0
343,2016/7/18,2528,2535,2362,2362,171026.74,7009522,2509524,2514.393310546875,2362.0
344,2016/7/19,2354,2358,2264,2297,172694.26,7458256,2326466,2367.342041015625,2297.0
345,2016/7/20,2304,2336,2282,2310,126587.85,5487648,2295432,2285.158935546875,2310.0
346,2016/7/21,2309,2432,2278,2396,174816.52,7426584,2261552,2297.516357421875,2396.0
347,2016/7/22,2390,2399,2296,2310,156231.3,6666442,2172398,2383.561767578125,2310.0
348,2016/7/25,2311,2368,2279,2342,163279.02,7003380,2116832,2311.7392578125,2342.0
349,2016/7/26,2350,2379,2309,2379,129995.36,5557718,2159444,2322.19189453125,2379.0
350,2016/7/27,2377,2449,2367,2418,186054.18,7734528,1903086,2364.57275390625,2418.0
351,2016/7/28,2421,2503,2412,2480,184100.22,7475414,1936284,2406.903564453125,2480.0
352,2016/7/29,2475,2484,2396,2412,134329.05,5494102,1891324,2463.9462890625,2412.0
353,2016/8/1,2420,2521,2383,2495,160615.77,6510646,1796142,2407.86328125,2495.0
354,2016/8/2,2500,2529,2478,2514,115923.99,4636956,1857660,2472.650390625,2514.0
355,2016/8/3,2517,2522,2471,2497,103451.02,4146122,1844192,2505.048828125,2497.0
356,2016/8/4,2495,2504,2417,2453,138871.67,5642740,1922344,2489.529052734375,2453.0
357,2016/8/5,2461,2555,2450,2538,129346.54,5161852,1864868,2443.04541015625,2538.0
358,2016/8/8,2538,2618,2516,2607,128244.22,4988876,1968322,2519.337646484375,2607.0
359,2016/8/9,2607,2628,2549,2589,118511.69,4572794,1909702,2597.098388671875,2589.0
360,2016/8/10,2580,2639,2561,2587,119626.4,4624264,1905536,2583.316650390625,2587.0
361,2016/8/11,2587,2602,2535,2594,109842.25,4269190,1963378,2573.445556640625,2594.0
362,2016/8/12,2580,2590,2555,2577,94995.82,3689742,1859538,2582.740478515625,2577.0
363,2016/8/15,2561,2582,2505,2571,103411.25,4053394,1783176,2570.115966796875,2571.0
364,2016/8/16,2571,2687,2563,2648,113597.11,4320198,1775446,2561.63818359375,2648.0
365,2016/8/17,2640,2667,2585,2589,81494.65,3099566,1524614,2633.702392578125,2589.0
366,2016/8/18,2531,2570,2516,2549,115250.2,4533600,1978564,2587.974609375,2549.0
367,2016/8/19,2537,2575,2497,2567,139989.66,5512548,2144406,2539.351318359375,2567.0
368,2016/8/22,2564,2602,2551,2553,133970.24,5207160,2380650,2553.8525390625,2553.0
369,2016/8/23,2549,2615,2537,2596,139811.52,5406822,2576768,2548.13134765625,2596.0
370,2016/8/24,2599,2620,2575,2589,102316.63,3940550,2604334,2583.98974609375,2589.0
371,2016/8/25,2600,2620,2487,2567,195594.44,7629108,2710618,2581.826171875,2567.0
372,2016/8/26,2565,2573,2500,2502,140035.84,5510904,2657676,2558.823486328125,2502.0
373,2016/8/29,2492,2501,2447,2477,144434.16,5832962,2660264,2495.696533203125,2477.0
374,2016/8/30,2485,2491,2418,2422,148974.86,6071512,2889822,2467.373046875,2422.0
375,2016/8/31,2430,2449,2389,2392,128998.72,5324052,2838164,2417.3828125,2392.0
376,2016/9/1,2384,2412,2362,2402,125034.76,5234742,2847492,2384.26171875,2402.0
377,2016/9/2,2400,2464,2388,2406,170198.56,7014078,2747498,2390.877685546875,2406.0
378,2016/9/5,2415,2463,2410,2436,146365.43,6002322,2808008,2397.366943359375,2436.0
379,2016/9/6,2436,2458,2412,2428,121945.92,5017696,2902974,2423.482666015625,2428.0
380,2016/9/7,2424,2427,2330,2334,176287.22,7433996,3186378,2418.78369140625,2334.0
381,2016/9/8,2334,2357,2321,2338,113856.85,4869812,3209340,2330.65966796875,2338.0
382,2016/9/9,2335,2346,2303,2343,133823.76,5757430,3175186,2321.84033203125,2343.0
383,2016/9/12,2343,2357,2270,2277,134403.71,5823944,3158204,2333.22998046875,2277.0
384,2016/9/13,2276,2299,2247,2256,112965.69,4971790,3229964,2274.66748046875,2256.0
385,2016/9/14,2250,2276,2246,2250,96680.61,4277878,3241868,2243.34228515625,2250.0
386,2016/9/19,2200,2249,2190,2239,71414.81,3195102,3369950,2238.66015625,2239.0
387,2016/9/20,2237,2285,2237,2264,117476.22,5189584,3327228,2230.008056640625,2264.0
388,2016/9/21,2264,2275,2242,2257,102035.88,4515108,3355942,2249.63818359375,2257.0
389,2016/9/22,2254,2330,2253,2280,172116.82,7508750,3117042,2246.979248046875,2280.0
390,2016/9/23,2285,2313,2280,2309,112148.02,4878596,2999758,2265.3271484375,2309.0
391,2016/9/26,2311,2353,2309,2316,116961.06,5032966,2944970,2294.62255859375,2316.0
392,2016/9/27,2319,2321,2252,2273,130883.35,5733910,2995756,2304.555419921875,2273.0
393,2016/9/28,2268,2288,2255,2285,97605.63,4295198,2983406,2264.558837890625,2285.0
394,2016/9/29,2289,2332,2270,2273,130385.68,5653568,2696638,2269.25927734375,2273.0
395,2016/9/30,2270,2288,2248,2253,84050.89,3710948,2570142,2263.267333984375,2253.0
396,2016/10/10,2240,2274,2209,2270,77881.47,3464986,2628696,2243.570068359375,2270.0
397,2016/10/11,2273,2340,2273,2339,128169.49,5548546,2751772,2255.319580078125,2339.0
398,2016/10/12,2340,2360,2311,2358,116288.13,4978656,2776198,2321.970458984375,2358.0
399,2016/10/13,2363,2368,2331,2354,105727.1,4501194,2663540,2347.70849609375,2354.0
400,2016/10/14,2353,2422,2344,2399,120932.54,5084094,2680738,2342.02734375,2399.0
401,2016/10/17,2391,2451,2389,2431,117677.32,4848632,2587868,2381.201416015625,2431.0
402,2016/10/18,2430,2443,2402,2441,94428.59,3898820,2576244,2418.536865234375,2441.0
403,2016/10/19,2451,2526,2424,2434,174654.46,7063346,2469978,2429.935546875,2434.0
404,2016/10/20,2438,2495,2434,2486,126355.52,5109816,2498386,2422.42529296875,2486.0
405,2016/10/21,2492,2504,2433,2485,112049.32,4545124,2433466,2469.822509765625,2485.0
406,2016/10/24,2480,2500,2430,2491,116357.71,4712738,2444666,2476.68115234375,2491.0
407,2016/10/25,2493,2587,2492,2569,155273.32,6094124,2462038,2479.533203125,2569.0
408,2016/10/26,2572,2597,2513,2534,147477.02,5791228,2356776,2551.8828125,2534.0
409,2016/10/27,2535,2570,2485,2512,137397.42,5433252,2172556,2529.97119140625,2512.0
410,2016/10/28,2520,2590,2510,2588,110181.21,4328268,2211058,2501.013427734375,2588.0
411,2016/10/31,2595,2613,2550,2600,126122.73,4884518,2108310,2570.363037109375,2600.0
412,2016/11/1,2600,2640,2563,2613,139163.89,5337216,2111350,2594.37744140625,2613.0
413,2016/11/2,2619,2665,2595,2610,133889.31,5090916,2047804,2602.664306640625,2610.0
414,2016/11/3,2615,2694,2608,2691,119123.73,4501852,2288186,2599.351318359375,2691.0
415,2016/11/4,2695,2767,2694,2716,173093.26,6349562,2184014,2676.411376953125,2716.0
416,2016/11/7,2736,2889,2712,2889,182779.2,6528734,2122454,2709.090576171875,2889.0
417,2016/11/8,2887,2933,2786,2836,197884.96,6907862,1846738,2871.8984375,2836.0000000000005
418,2016/11/9,2827,3030,2815,3015,174453.18,5927072,1856932,2835.44287109375,3015.0
419,2016/11/10,3010,3119,2937,2987,213803.8,7075336,1724324,2995.19677734375,2987.0
420,2016/11/11,3000,3148,2960,3126,142451.07,4679740,1711882,2985.676025390625,3126.0
421,2016/11/14,3147,3220,2897,2945,179064.8,5886956,1394948,3114.2861328125,2945.0
422,2016/11/15,2950,2996,2858,2858,84084.47,2869130,1442346,2948.4423828125,2858.0
423,2016/11/16,2801,2839,2714,2816,109067.65,3909922,1399424,2849.29345703125,2816.0
424,2016/11/17,2819,2841,2738,2814,88349.16,3171932,1439176,2810.1630859375,2814.0
425,2016/11/18,2824,2845,2750,2772,80715.96,2899398,1396636,2815.042724609375,2772.0
426,2016/11/21,2783,2790,2660,2714,81784.12,2988754,1371636,2771.888671875,2714.0
427,2016/11/22,2726,2900,2708,2900,105254.13,3723944,1300110,2710.622802734375,2900.0
428,2016/11/23,2897,2966,2860,2954,118664.5,4070872,1339794,2883.115234375,2954.0
429,2016/11/24,2950,3012,2882,2951,102839.4,3487584,1132534,2955.319091796875,2951.0
430,2016/11/25,2902,3154,2902,3154,85730.9,2816238,1104502,2945.3828125,3154.0
431,2016/11/28,3252,3378,3182,3332,89702.0,2733408,1364960,3136.491455078125,3332.0
432,2016/11/29,3306,3348,3060,3062,128754.52,3991114,1433476,3331.8310546875,3062.0
433,2016/11/30,3062,3085,3000,3000,64981.3,2136874,1337564,3068.26220703125,3000.0
434,2016/12/1,3000,3218,2965,3187,156834.18,5079566,1610660,2980.329833984375,3187.0
435,2016/12/2,3196,3229,3011,3126,166449.54,5315224,1646860,3180.08203125,3126.0
436,2016/12/5,3124,3233,3060,3204,144211.26,4581570,1742120,3142.4375,3204.0
437,2016/12/6,3201,3262,3178,3217,114902.71,3570526,1808054,3195.8037109375,3217.0000000000005
438,2016/12/7,3223,3428,3216,3382,153545.74,4600540,2081848,3213.93798828125,3382.0
439,2016/12/8,3391,3418,3291,3394,134143.75,3988602,2131430,3380.55517578125,3394.0
440,2016/12/9,3402,3413,3213,3345,180238.48,5420202,2147234,3396.673583984375,3345.0
441,2016/12/12,3368,3557,3302,3444,137483.0,4000812,2142098,3342.211669921875,3444.0
442,2016/12/13,3456,3506,3413,3505,115624.19,3335092,2325978,3438.6025390625,3505.0000000000005
443,2016/12/14,3489,3497,3331,3375,148125.66,4341096,2301362,3511.75830078125,3375.0
444,2016/12/15,3368,3441,3304,3413,137413.23,4079444,2300790,3378.626220703125,3413.0
445,2016/12/16,3380,3409,3292,3293,114235.83,3396454,2313854,3406.868408203125,3293.0
446,2016/12/19,3280,3309,3167,3171,119042.31,3659544,2328378,3299.223388671875,3171.0000000000005
447,2016/12/20,3161,3193,3118,3162,110058.1,3485732,2178928,3174.07177734375,3161.9999999999995
448,2016/12/21,3168,3205,3093,3169,112828.33,3572718,2247440,3160.49072265625,3169.0000000000005
449,2016/12/22,3173,3186,3024,3026,104409.44,3356712,2355272,3175.49462890625,3026.0000000000005
450,2016/12/23,3012,3068,2966,2984,113421.67,3764756,2404368,3033.427001953125,2984.0
451,2016/12/26,2971,3018,2846,2922,134576.98,4597294,2499958,2978.352294921875,2922.0
452,2016/12/27,2932,3007,2872,3006,105709.49,3606540,2361982,2923.2138671875,3006.0
453,2016/12/28,3010,3072,2966,2989,123600.07,4099296,2398440,3002.72021484375,2989.0
454,2016/12/29,2992,2995,2911,2952,116512.89,3948156,2464282,2991.6943359375,2952.0
455,2016/12/30,2948,2970,2866,2867,87025.57,2988602,2442966,2948.944091796875,2867.0
456,2017/1/3,2889,2998,2839,2851,75231.17,2581552,2526810,2863.087890625,2851.0
457,2017/1/4,2860,2957,2827,2930,115388.2,3988998,2531598,2845.30517578125,2930.0000000000005
458,2017/1/5,2930,2998,2913,2941,107478.07,3639036,2493862,2924.216796875,2941.0
459,2017/1/6,2940,2988,2900,2912,106614.7,3621876,2505026,2941.6015625,2912.0
460,2017/1/9,2915,3049,2893,3048,106302.9,3590906,2486996,2907.548583984375,3048.0
461,2017/1/10,3048,3167,3028,3167,121453.73,3923264,2580862,3034.90576171875,3166.9999999999995
462,2017/1/11,3177,3202,3135,3182,100512.01,3167658,2471864,3165.499755859375,3182.0
463,2017/1/12,3179,3260,3158,3207,113559.27,3534488,2690826,3180.5888671875,3207.0
464,2017/1/13,3212,3247,3167,3194,94662.55,2951466,2585936,3198.095947265625,3194.0
465,2017/1/16,3190,3418,3173,3375,134355.63,4048262,2667728,3190.02490234375,3375.0
466,2017/1/17,3370,3402,3240,3284,118273.71,3555120,2527596,3371.42578125,3284.0
467,2017/1/18,3292,3350,3243,3292,110248.38,3353896,2505772,3290.460205078125,3292.0
468,2017/1/19,3280,3306,3220,3256,102580.64,3144640,2531502,3285.364013671875,3256.0
469,2017/1/20,3252,3296,3193,3194,102333.97,3147490,2508784,3254.220947265625,3194.0
470,2017/1/23,3191,3205,3143,3180,74863.31,2358234,2345226,3197.24072265625,3180.0
471,2017/1/24,3178,3344,3170,3292,96354.21,2952718,2469476,3178.906982421875,3292.0
472,2017/1/25,3300,3320,3255,3299,59321.59,1804324,2265996,3292.74365234375,3299.0
473,2017/1/26,3292,3380,3290,3369,63315.21,1896002,2254872,3304.956298828125,3369.0
474,2017/2/3,3349,3358,3071,3113,79250.59,2496492,2244062,3366.672119140625,3113.0
475,2017/2/6,3110,3132,3062,3082,74845.14,2416472,2445734,3117.27978515625,3082.0
476,2017/2/7,3090,3176,3067,3165,81108.27,2591874,2472670,3071.7666015625,3164.9999999999995
